{
  "total_params": 33939116,
  "trainable_params": 33939116,
  "checkpoint_epoch": 8,
  "checkpoint_val_accuracy": 95.85798816568047,
  "checkpoint_best_f1": "?",
  "test_accuracy": 0.8876106194690265,
  "test_f1_macro": 0.8773148025765648,
  "test_f1_weighted": 0.8805608326923804,
  "test_precision_macro": 0.9198915641155636,
  "test_recall_macro": 0.8674222884714544,
  "test_auc_macro": 0.9943680134707553,
  "inference_ms_per_image": 28.8926573981226,
  "total_test_images": 1130,
  "per_class": {
    "fractured": {
      "precision": 0.9497907949790795,
      "recall": 0.9537815126050421,
      "f1": 0.9517819706498952,
      "auc": 0.9991379960055772,
      "support": 238
    },
    "not fractured": {
      "precision": 0.9588014981273408,
      "recall": 0.9552238805970149,
      "f1": 0.9570093457943926,
      "auc": 0.9992251618935485,
      "support": 268
    },
    "NORMAL": {
      "precision": 0.9779411764705882,
      "recall": 0.5683760683760684,
      "f1": 0.7189189189189189,
      "auc": 0.9882287851037851,
      "support": 234
    },
    "PNEUMONIA": {
      "precision": 0.7930327868852459,
      "recall": 0.9923076923076923,
      "f1": 0.8815489749430524,
      "auc": 0.9908801108801109,
      "support": 390
    }
  },
  "bone_accuracy": 0.9545454545454546,
  "bone_f1_weighted": 0.9545506199359136,
  "chest_accuracy": 0.8333333333333334,
  "chest_f1_weighted": 0.8205627039340023,
  "confusion_matrix": [
    [
      227,
      11,
      0,
      0
    ],
    [
      12,
      256,
      0,
      0
    ],
    [
      0,
      0,
      133,
      101
    ],
    [
      0,
      0,
      3,
      387
    ]
  ],
  "auc_per_class": [
    0.9991379960055772,
    0.9992251618935485,
    0.9882287851037851,
    0.9908801108801109
  ]
}